{
	"format_version": "1.8.0",
	"animations": {
		"fly": {
			"loop": true,
			"animation_length": 1,
			"bones": {
				"all": {
					"scale": {
						"0.0": [1, 1, 1],
						"0.5": [1.05, 1.05, 1],
						"1.0": [1, 1, 1]
					}
				},
				"m": {
					"rotation": {
						"0.0": [0, 0, 0],
						"0.5": [5, 0, 0],
						"1.0": [0, 0, 0]
					}
				},
				"right_1": {
					"rotation": {
						"0.0": [-2.03462, 6.38371, -25.9208],
						"0.5": [-0.88504, 1.64023, -15.78134],
						"1.0": [-2.03462, 6.38371, -25.9208]
					}
				},
				"left_1": {
					"rotation": {
						"0.0": [-2.03462, -6.38371, 25.9208],
						"0.5": [-0.88504, -1.64023, 15.78134],
						"1.0": [-2.03462, -6.38371, 25.9208]
					}
				},
				"right_eye": {
					"rotation": {
						"0.0": [-14.59542, 14.04131, 0],
						"0.5": [-11.88217, 9.15023, 1.05992],
						"1.0": [-14.59542, 14.04131, 0]
					}
				},
				"left_eye": {
					"rotation": {
						"0.0": [-14.59542, -14.04131, 0],
						"0.5": [-11.88217, -9.15023, -1.05992],
						"1.0": [-14.59542, -14.04131, 0]
					}
				},
				"body_0": {
					"rotation": {
						"0.0": [-5, 0, 0],
						"0.5": [5, 0, 0],
						"1.0": [-5, 0, 0]
					}
				},
				"left_leg2": {
					"rotation": {
						"0.0": [0, 0, 0],
						"0.25": [0, 0, 35],
						"0.5": [0, 0, 0],
						"0.75": [0, 0, -35],
						"1.0": [0, 0, 0]
					}
				},
				"right_leg2": {
					"rotation": {
						"0.0": [0, 0, 0],
						"0.25": [0, 0, -35],
						"0.5": [0, 0, 0],
						"0.75": [0, 0, 35],
						"1.0": [0, 0, 0]
					}
				},
				"body_1": {
					"rotation": {
						"0.0": [10, 0, 0],
						"0.5": [-10, 0, 0],
						"1.0": [10, 0, 0]
					}
				},
				"left_leg3": {
					"rotation": {
						"0.0": [0, 0, -35],
						"0.25": [0, 0, 0],
						"0.5": [0, 0, 35],
						"0.75": [0, 0, 0],
						"1.0": [0, 0, -35]
					}
				},
				"right_leg3": {
					"rotation": {
						"0.0": [0, 0, 35],
						"0.25": [0, 0, 0],
						"0.5": [0, 0, -35],
						"0.75": [0, 0, 0],
						"1.0": [0, 0, 35]
					}
				},
				"left_leg4": {
					"rotation": {
						"0.0": [0, 0, 0],
						"0.25": [0, 0, -35],
						"0.5": [0, 0, 0],
						"0.75": [0, 0, 35],
						"1.0": [0, 0, 0]
					}
				},
				"right_leg4": {
					"rotation": {
						"0.0": [0, 0, 0],
						"0.25": [0, 0, 35],
						"0.5": [0, 0, 0],
						"0.75": [0, 0, -35],
						"1.0": [0, 0, 0]
					}
				},
				"body_2": {
					"rotation": {
						"0.0": [10, 0, 0],
						"0.5": [-10, 0, 0],
						"1.0": [10, 0, 0]
					}
				},
				"left_leg1": {
					"rotation": {
						"0.0": [0, 0, 35],
						"0.25": [0, 0, 0],
						"0.5": [0, 0, -35],
						"0.75": [0, 0, 0],
						"1.0": [0, 0, 35]
					}
				},
				"right_leg1": {
					"rotation": {
						"0.0": [0, 0, -35],
						"0.25": [0, 0, 0],
						"0.5": [0, 0, 35],
						"0.75": [0, 0, 0],
						"1.0": [0, 0, -35]
					}
				}
			}
		}
	}
}